sensor_id,building,category_end_use,pointRef,equipRef,navName,hisStart,hisEnd,sensor_short_id,unit,file_exist,category_test_thing
AHU-01 SF Air Systems Energy AHU1_SF_VFD_PWR(kWh),Pharmacy,02_HEATING_COOLING_COMBINED,p:ubcv:r:236c8a99-f062f393,AHU-01 SF,Energy,2018-10-26,2021-01-19,AHU-01_SF_Energy,kWh,TRUE,AHU
AHU-02 SF Air Systems Energy AHU2_SF_VFD_PWR(kWh),Pharmacy,02_HEATING_COOLING_COMBINED,p:ubcv:r:236c8a99-4a8e5e56,AHU-02 SF,Energy,2018-10-26,2021-01-19,AHU-02_SF_Energy,kWh,TRUE,AHU
AHU-03 SF Air Systems Energy AHU3_SF_VFD_PWR(kWh),Pharmacy,02_HEATING_COOLING_COMBINED,p:ubcv:r:236c8fd4-819251f8,AHU-03 SF,Energy,2018-10-26,2021-01-19,AHU-03_SF_Energy,kWh,TRUE,AHU
AHU-04 SF Air Systems Energy AHU4_SF_VFD_PWR(kWh),Pharmacy,02_HEATING_COOLING_COMBINED,p:ubcv:r:236c8fd4-22314092,AHU-04 SF,Energy,2018-10-26,2021-01-19,AHU-04_SF_Energy,kWh,TRUE,AHU
AHU-05 SF Air Systems Energy AHU5_SF_VFD_PWR(kWh),Pharmacy,02_HEATING_COOLING_COMBINED,p:ubcv:r:236c8fd4-af048203,AHU-05 SF,Energy,2018-10-26,2021-01-19,AHU-05_SF_Energy,kWh,TRUE,AHU
AHU-06 SF Air Systems Energy AHU6_SF_VFD_PWR(kWh),Pharmacy,02_HEATING_COOLING_COMBINED,p:ubcv:r:236c8fd4-e92b73a9,AHU-06 SF,Energy,2018-10-26,2021-01-19,AHU-06_SF_Energy,kWh,TRUE,AHU
AHU-07 SF Air Systems Energy AHU7_SF_VFD_PWR(kWh),Pharmacy,02_HEATING_COOLING_COMBINED,p:ubcv:r:236c8a99-32f74405,AHU-07 SF,Energy,2018-10-26,2021-01-19,AHU-07_SF_Energy,kWh,TRUE,AHU
AHU-08 SF Air Systems Energy AHU8_SF_VFD_PWR(kWh),Pharmacy,02_HEATING_COOLING_COMBINED,p:ubcv:r:236c8fd4-bf2efa92,AHU-08 SF,Energy,2018-10-26,2021-01-19,AHU-08_SF_Energy,kWh,TRUE,AHU
AHU-09 RF Air Systems Energy AHU9_RF_VFD_PWR(kWh),Pharmacy,02_HEATING_COOLING_COMBINED,p:ubcv:r:236c8a99-026739b2,AHU-09 RF,Energy,2018-10-26,2021-01-19,AHU-09_RF_Energy,kWh,TRUE,AHU
AHU-09 SF Air Systems Energy AHU9_SF_VFD_PWR(kWh),Pharmacy,02_HEATING_COOLING_COMBINED,p:ubcv:r:236c8a99-c126ce9f,AHU-09 SF,Energy,2018-10-26,2021-01-19,AHU-09_SF_Energy,kWh,TRUE,AHU
AHU-10 RF Air Systems Energy AHU10_RF_VFD_PWR(kWh)_TL,Pharmacy,02_HEATING_COOLING_COMBINED,p:ubcv:r:236c8ae6-c79816ce,AHU-10 RF,Energy,2018-10-26,2021-01-19,AHU-10_RF_Energy,kWh,TRUE,AHU
AHU-10 SF Air Systems Energy AHU10_SF_VFD_PWR(kWh)_TL,Pharmacy,02_HEATING_COOLING_COMBINED,p:ubcv:r:236c8ae6-42864253,AHU-10 SF,Energy,2018-10-26,2021-01-19,AHU-10_SF_Energy,kWh,TRUE,AHU
AHU-13 Air Systems Energy AHU13_SF_VFD_PWR(kWh)_TL,Pharmacy,02_HEATING_COOLING_COMBINED,p:ubcv:r:236c8ae6-c106d84c,AHU-13,Energy,2018-10-26,2021-01-19,AHU-13_Energy,kWh,TRUE,AHU
AHU-14 SF Air Systems Energy AHU14_SF_VFD_PWR(kWh),Pharmacy,02_HEATING_COOLING_COMBINED,p:ubcv:r:236c8ab6-8b690e89,AHU-14 SF,Energy,2018-10-26,2021-01-19,AHU-14_SF_Energy,kWh,TRUE,AHU
AHU-15 SF Air Systems Energy AHU15_SF_VFD_PWR(kWh),Pharmacy,02_HEATING_COOLING_COMBINED,p:ubcv:r:236c8ab6-8068ebcf,AHU-15 SF,Energy,2018-10-26,2021-01-19,AHU-15_SF_Energy,kWh,TRUE,AHU
AHU-16 Air Systems Energy AHU16_SF_VFD_PWR(kWh),Pharmacy,02_HEATING_COOLING_COMBINED,p:ubcv:r:236c8a6b-ae3e9959,AHU-16,Energy,2018-10-26,2021-01-19,AHU-16_Energy,kWh,TRUE,AHU
AHU-17 SF Air Systems Energy AHU17_SF_VFD_PWR(kWh),Pharmacy,02_HEATING_COOLING_COMBINED,p:ubcv:r:236c8a6b-b86d361d,AHU-17 SF,Energy,2018-10-26,2021-01-19,AHU-17_SF_Energy,kWh,TRUE,AHU
AHU-18 RF Air Systems Energy AHU18_RF_VFD_PWR(kWh),Pharmacy,02_HEATING_COOLING_COMBINED,p:ubcv:r:236c8a6b-6eb1a939,AHU-18 RF,Energy,2018-10-26,2021-01-19,AHU-18_RF_Energy,kWh,TRUE,AHU
AHU-18 SF Air Systems Energy AHU18_SF_VFD_PWR(kWh),Pharmacy,02_HEATING_COOLING_COMBINED,p:ubcv:r:236c8a6b-9a6ca494,AHU-18 SF,Energy,2018-10-26,2021-01-19,AHU-18_SF_Energy,kWh,TRUE,AHU
CT-1A Hydronic Systems Energy CT1A_VFD_PWR(kWh),Pharmacy,01_SPACE_COOLING,p:ubcv:r:236c8acc-a5059a78,CT-1A,Energy,2018-10-26,2021-01-19,CT-1A_Energy,kWh,TRUE,Cooling Tower
CT-1B Hydronic Systems Energy CT1B_VFD_PWR(kWh),Pharmacy,01_SPACE_COOLING,p:ubcv:r:236c8acd-1ca0571a,CT-1B,Energy,2018-10-26,2021-01-19,CT-1B_Energy,kWh,TRUE,Cooling Tower
CT-1C Hydronic Systems Energy CT1C_VFD_PWR(kWh),Pharmacy,01_SPACE_COOLING,p:ubcv:r:236c8acd-8eb059f5,CT-1C,Energy,2018-10-26,2021-01-19,CT-1C_Energy,kWh,TRUE,Cooling Tower
Cooling Plant P-5A Hydronic Systems Energy CHWP_P5A_VFD_PWR(kWh)_TL,Pharmacy,01_SPACE_COOLING,p:ubcv:r:226cf1e9-93ddb037,Cooling Plant P-5A,Energy,2018-04-15,2021-01-19,Cooling_Plant_P-5A_Energy,kWh,TRUE,Cooling Plant
Cooling Plant P-5B Hydronic Systems Energy CHWP_P5B_VFD_PWR(kWh)_TL,Pharmacy,01_SPACE_COOLING,p:ubcv:r:226cf1e9-38940fe3,Cooling Plant P-5B,Energy,2018-04-15,2021-01-19,Cooling_Plant_P-5B_Energy,kWh,TRUE,Cooling Plant
Cooling Plant P-5C Hydronic Systems Energy CHWP_P5C_VFD_PWR(kWh)_TL,Pharmacy,01_SPACE_COOLING,p:ubcv:r:226cf1e9-3c071a41,Cooling Plant P-5C,Energy,2018-04-14,2021-01-19,Cooling_Plant_P-5C_Energy,kWh,TRUE,Cooling Plant
Cooling Plant P-7A Hydronic Systems Energy CHWP_P7A_VFD_PWR(kWh)_TL,Pharmacy,01_SPACE_COOLING,p:ubcv:r:226cf1e9-54868999,Cooling Plant P-7A,Energy,2018-04-15,2021-01-19,Cooling_Plant_P-7A_Energy,kWh,TRUE,Cooling Plant
Cooling Plant P-7B Hydronic Systems Energy CHWP_P7B_VFD_PWR(kWh)_TL,Pharmacy,01_SPACE_COOLING,p:ubcv:r:226cf1e9-80fc82a8,Cooling Plant P-7B,Energy,2018-04-15,2021-01-19,Cooling_Plant_P-7B_Energy,kWh,TRUE,Cooling Plant
Cooling Plant P-9A Hydronic Systems Energy CHWP_P9A_VFD_PWR(kWh)_TL,Pharmacy,01_SPACE_COOLING,p:ubcv:r:226cf1e9-b2a15e93,Cooling Plant P-9A,Energy,2018-04-15,2021-01-19,Cooling_Plant_P-9A_Energy,kWh,TRUE,Cooling Plant
Cooling Plant P-9B Hydronic Systems Energy CHWP_P9B_VFD_PWR(kWh)_TL,Pharmacy,01_SPACE_COOLING,p:ubcv:r:226cf1e9-19ca7115,Cooling Plant P-9B,Energy,2018-04-15,2021-01-19,Cooling_Plant_P-9B_Energy,kWh,TRUE,Cooling Plant
EF-22 Air Systems Energy EF_22_VFD_PWR(kWh),Pharmacy,02_HEATING_COOLING_COMBINED,p:ubcv:r:236c8a57-48958dd8,EF-22,Energy,2018-10-26,2021-01-19,EF-22_Energy,kWh,TRUE,Other
EF-27 Air Systems Energy EF_27_VFD_PWR(kWh),Pharmacy,02_HEATING_COOLING_COMBINED,p:ubcv:r:236c8a6b-b133f3ae,EF-27,Energy,2018-10-26,2021-01-19,EF-27_Energy,kWh,TRUE,Other
Elec Submeters LEED-6DCLA Utilities 6DCLA_EnergyPosSum 6DCLA_EnergyPosSum,Pharmacy,03_LIGHTING_NORMAL,p:ubcv:r:236c8a38-0678e465,Elec Submeters LEED-6DCLA,6DCLA_EnergyPosSum,2018-10-30,2021-01-19,Elec_Submeters_LEED-6DCLA_6DCLA_EnergyPosSum,kWh,TRUE,Submeters
Elec Submeters LEED-6DCLA Utilities 6DCLA_EnergyPosSumNR 6DCLA_EnergyPosSumNR,Pharmacy,03_LIGHTING_NORMAL,p:ubcv:r:236c8a38-22e7929e,Elec Submeters LEED-6DCLA,6DCLA_EnergyPosSumNR,2018-10-30,2021-01-19,Elec_Submeters_LEED-6DCLA_6DCLA_EnergyPosSumNR,kWh,TRUE,Submeters
Elec Submeters LEED-6EBLW1 Utilities 6EBLW1_EnergyPosSum 6EBLW1_EnergyPosSum,Pharmacy,04_LIGHTING_EMERGENCY,p:ubcv:r:236c8a38-af883600,Elec Submeters LEED-6EBLW1,6EBLW1_EnergyPosSum,2018-10-30,2021-01-19,Elec_Submeters_LEED-6EBLW1_6EBLW1_EnergyPosSum,kWh,TRUE,Submeters
Elec Submeters LEED-6EBLW1 Utilities 6EBLW1_EnergyPosSumNR 6EBLW1_EnergyPosSumNR,Pharmacy,04_LIGHTING_EMERGENCY,p:ubcv:r:236c8a38-aa6974e6,Elec Submeters LEED-6EBLW1,6EBLW1_EnergyPosSumNR,2018-10-30,2021-01-19,Elec_Submeters_LEED-6EBLW1_6EBLW1_EnergyPosSumNR,kWh,TRUE,Submeters
Elec Submeters LEED-6ETLC1 Utilities 6ETLC1_EnergyPosSum 6ETLC1_EnergyPosSum,Pharmacy,04_LIGHTING_EMERGENCY,p:ubcv:r:236c8a38-ff6bb862,Elec Submeters LEED-6ETLC1,6ETLC1_EnergyPosSum,2018-10-30,2021-01-19,Elec_Submeters_LEED-6ETLC1_6ETLC1_EnergyPosSum,kWh,TRUE,Submeters
Elec Submeters LEED-6ETLC1 Utilities 6ETLC1_EnergyPosSumNR 6ETLC1_EnergyPosSumNR,Pharmacy,04_LIGHTING_EMERGENCY,p:ubcv:r:236c8a38-bc56d95c,Elec Submeters LEED-6ETLC1,6ETLC1_EnergyPosSumNR,2018-10-30,2021-01-19,Elec_Submeters_LEED-6ETLC1_6ETLC1_EnergyPosSumNR,kWh,TRUE,Submeters
Elec Submeters LEED-6ETLE1 Utilities 6ETLE1_EnergyPosSum 6ETLE1_EnergyPosSum,Pharmacy,04_LIGHTING_EMERGENCY,p:ubcv:r:236c8a38-1f268a27,Elec Submeters LEED-6ETLE1,6ETLE1_EnergyPosSum,2018-10-30,2021-01-19,Elec_Submeters_LEED-6ETLE1_6ETLE1_EnergyPosSum,kWh,TRUE,Submeters
Elec Submeters LEED-6ETLE1 Utilities 6ETLE1_EnergyPosSumNR 6ETLE1_EnergyPosSumNR,Pharmacy,04_LIGHTING_EMERGENCY,p:ubcv:r:236c8a38-e5d49528,Elec Submeters LEED-6ETLE1,6ETLE1_EnergyPosSumNR,2018-10-30,2021-01-19,Elec_Submeters_LEED-6ETLE1_6ETLE1_EnergyPosSumNR,kWh,TRUE,Submeters
Elec Submeters LEED-6ETLW1 Utilities 6ETLW1_EnergyPosSum 6ETLW1_EnergyPosSum,Pharmacy,04_LIGHTING_EMERGENCY,p:ubcv:r:236c8a38-1cbdab80,Elec Submeters LEED-6ETLW1,6ETLW1_EnergyPosSum,2018-10-30,2021-01-19,Elec_Submeters_LEED-6ETLW1_6ETLW1_EnergyPosSum,kWh,TRUE,Submeters
Elec Submeters LEED-6ETLW1 Utilities 6ETLW1_EnergyPosSumNR 6ETLW1_EnergyPosSumNR,Pharmacy,04_LIGHTING_EMERGENCY,p:ubcv:r:236c8a38-379fd9b5,Elec Submeters LEED-6ETLW1,6ETLW1_EnergyPosSumNR,2018-10-30,2021-01-19,Elec_Submeters_LEED-6ETLW1_6ETLW1_EnergyPosSumNR,kWh,TRUE,Submeters
Elec Submeters LEED-6N2LE1 Utilities 6N2LE1_EnergyPosSum 6N2LE1_EnergyPosSum,Pharmacy,03_LIGHTING_NORMAL,p:ubcv:r:236c8a1e-276abb2e,Elec Submeters LEED-6N2LE1,6N2LE1_EnergyPosSum,2018-10-30,2021-01-19,Elec_Submeters_LEED-6N2LE1_6N2LE1_EnergyPosSum,kWh,TRUE,Submeters
Elec Submeters LEED-6N2LE1 Utilities 6N2LE1_EnergyPosSumNR 6N2LE1_EnergyPosSumNR,Pharmacy,03_LIGHTING_NORMAL,p:ubcv:r:236c8a1e-2c1fcc11,Elec Submeters LEED-6N2LE1,6N2LE1_EnergyPosSumNR,2018-10-30,2021-01-19,Elec_Submeters_LEED-6N2LE1_6N2LE1_EnergyPosSumNR,kWh,TRUE,Submeters
Elec Submeters LEED-6N3LO1 Utilities 6N3LO1_EnergyPosSum 6N3LO1_EnergyPosSum,Pharmacy,03_LIGHTING_NORMAL,p:ubcv:r:236c8a38-aee08d66,Elec Submeters LEED-6N3LO1,6N3LO1_EnergyPosSum,2018-10-30,2021-01-19,Elec_Submeters_LEED-6N3LO1_6N3LO1_EnergyPosSum,kWh,TRUE,Submeters
Elec Submeters LEED-6N3LO1 Utilities 6N3LO1_EnergyPosSumNR 6N3LO1_EnergyPosSumNR,Pharmacy,03_LIGHTING_NORMAL,p:ubcv:r:236c8a38-a39d7bec,Elec Submeters LEED-6N3LO1,6N3LO1_EnergyPosSumNR,2018-10-30,2021-01-19,Elec_Submeters_LEED-6N3LO1_6N3LO1_EnergyPosSumNR,kWh,TRUE,Submeters
Elec Submeters LEED-6N4LC1 Utilities 6N4LC1_EnergyPosSum 6N4LC1_EnergyPosSum,Pharmacy,03_LIGHTING_NORMAL,p:ubcv:r:236c8a1d-23a21104,Elec Submeters LEED-6N4LC1,6N4LC1_EnergyPosSum,2018-10-30,2021-01-19,Elec_Submeters_LEED-6N4LC1_6N4LC1_EnergyPosSum,kWh,TRUE,Submeters
Elec Submeters LEED-6N4LC1 Utilities 6N4LC1_EnergyPosSumNR 6N4LC1_EnergyPosSumNR,Pharmacy,03_LIGHTING_NORMAL,p:ubcv:r:236c8a1d-12a3ab16,Elec Submeters LEED-6N4LC1,6N4LC1_EnergyPosSumNR,2018-10-30,2021-01-19,Elec_Submeters_LEED-6N4LC1_6N4LC1_EnergyPosSumNR,kWh,TRUE,Submeters
Elec Submeters LEED-6N4LE1 Utilities 6N4LE1_EnergyPosSum 6N4LE1_EnergyPosSum,Pharmacy,03_LIGHTING_NORMAL,p:ubcv:r:236c8a1e-2536c691,Elec Submeters LEED-6N4LE1,6N4LE1_EnergyPosSum,2018-10-30,2021-01-19,Elec_Submeters_LEED-6N4LE1_6N4LE1_EnergyPosSum,kWh,TRUE,Submeters
Elec Submeters LEED-6N4LE1 Utilities 6N4LE1_EnergyPosSumNR 6N4LE1_EnergyPosSumNR,Pharmacy,03_LIGHTING_NORMAL,p:ubcv:r:236c8a1e-62850d03,Elec Submeters LEED-6N4LE1,6N4LE1_EnergyPosSumNR,2018-10-30,2021-01-19,Elec_Submeters_LEED-6N4LE1_6N4LE1_EnergyPosSumNR,kWh,TRUE,Submeters
Elec Submeters LEED-6N4LW1 Utilities 6N4LW1_EnergyPosSum 6N4LW1_EnergyPosSum,Pharmacy,03_LIGHTING_NORMAL,p:ubcv:r:236c8a1d-952f3cb9,Elec Submeters LEED-6N4LW1,6N4LW1_EnergyPosSum,2018-10-30,2021-01-19,Elec_Submeters_LEED-6N4LW1_6N4LW1_EnergyPosSum,kWh,TRUE,Submeters
Elec Submeters LEED-6N4LW1 Utilities 6N4LW1_EnergyPosSumNR 6N4LW1_EnergyPosSumNR,Pharmacy,03_LIGHTING_NORMAL,p:ubcv:r:236c8a1d-0fcaf72c,Elec Submeters LEED-6N4LW1,6N4LW1_EnergyPosSumNR,2018-10-30,2021-01-19,Elec_Submeters_LEED-6N4LW1_6N4LW1_EnergyPosSumNR,kWh,TRUE,Submeters
Elec Submeters LEED-6N6LC1 Utilities 6N6LC1_EnergyPosSum 6N6LC1_EnergyPosSum,Pharmacy,03_LIGHTING_NORMAL,p:ubcv:r:236c8a1d-607698ee,Elec Submeters LEED-6N6LC1,6N6LC1_EnergyPosSum,2018-10-30,2021-01-19,Elec_Submeters_LEED-6N6LC1_6N6LC1_EnergyPosSum,kWh,TRUE,Submeters
Elec Submeters LEED-6N6LC1 Utilities 6N6LC1_EnergyPosSumNR 6N6LC1_EnergyPosSumNR,Pharmacy,03_LIGHTING_NORMAL,p:ubcv:r:236c8a1d-3ebdda96,Elec Submeters LEED-6N6LC1,6N6LC1_EnergyPosSumNR,2018-10-30,2021-01-19,Elec_Submeters_LEED-6N6LC1_6N6LC1_EnergyPosSumNR,kWh,TRUE,Submeters
Elec Submeters LEED-6N6LE1 Utilities 6N6LE1_EnergyPosSum 6N6LE1_EnergyPosSum,Pharmacy,03_LIGHTING_NORMAL,p:ubcv:r:236c8a1e-175eab3c,Elec Submeters LEED-6N6LE1,6N6LE1_EnergyPosSum,2018-10-30,2021-01-19,Elec_Submeters_LEED-6N6LE1_6N6LE1_EnergyPosSum,kWh,TRUE,Submeters
Elec Submeters LEED-6N6LE1 Utilities 6N6LE1_EnergyPosSumNR 6N6LE1_EnergyPosSumNR,Pharmacy,03_LIGHTING_NORMAL,p:ubcv:r:236c8a1e-b7174ac5,Elec Submeters LEED-6N6LE1,6N6LE1_EnergyPosSumNR,2018-10-30,2021-01-19,Elec_Submeters_LEED-6N6LE1_6N6LE1_EnergyPosSumNR,kWh,TRUE,Submeters
Elec Submeters LEED-6N6LW1 Utilities 6N6LW1_EnergyPosSum 6N6LW1_EnergyPosSum,Pharmacy,03_LIGHTING_NORMAL,p:ubcv:r:236c8a1d-0b6a0f2e,Elec Submeters LEED-6N6LW1,6N6LW1_EnergyPosSum,2018-10-30,2021-01-19,Elec_Submeters_LEED-6N6LW1_6N6LW1_EnergyPosSum,kWh,TRUE,Submeters
Elec Submeters LEED-6N6LW1 Utilities 6N6LW1_EnergyPosSumNR 6N6LW1_EnergyPosSumNR,Pharmacy,03_LIGHTING_NORMAL,p:ubcv:r:236c8a1d-29485959,Elec Submeters LEED-6N6LW1,6N6LW1_EnergyPosSumNR,2018-10-30,2021-01-19,Elec_Submeters_LEED-6N6LW1_6N6LW1_EnergyPosSumNR,kWh,TRUE,Submeters
Elec Submeters LEED-6NBLC1 Utilities 6NBLC1_EnergyPosSum 6NBLC1_EnergyPosSum,Pharmacy,03_LIGHTING_NORMAL,p:ubcv:r:236c8a1e-d09776f0,Elec Submeters LEED-6NBLC1,6NBLC1_EnergyPosSum,2018-10-30,2021-01-19,Elec_Submeters_LEED-6NBLC1_6NBLC1_EnergyPosSum,kWh,TRUE,Submeters
Elec Submeters LEED-6NBLC1 Utilities 6NBLC1_EnergyPosSumNR 6NBLC1_EnergyPosSumNR,Pharmacy,03_LIGHTING_NORMAL,p:ubcv:r:236c8a1e-10294a9a,Elec Submeters LEED-6NBLC1,6NBLC1_EnergyPosSumNR,2018-10-30,2021-01-19,Elec_Submeters_LEED-6NBLC1_6NBLC1_EnergyPosSumNR,kWh,TRUE,Submeters
Elec Submeters LEED-6NBLW1 Utilities 6NBLW1_EnergyPosSum 6NBLW1_EnergyPosSum,Pharmacy,03_LIGHTING_NORMAL,p:ubcv:r:236c8a37-fd7c7d37,Elec Submeters LEED-6NBLW1,6NBLW1_EnergyPosSum,2018-10-30,2021-01-19,Elec_Submeters_LEED-6NBLW1_6NBLW1_EnergyPosSum,kWh,TRUE,Submeters
Elec Submeters LEED-6NBLW1 Utilities 6NBLW1_EnergyPosSumNR 6NBLW1_EnergyPosSumNR,Pharmacy,03_LIGHTING_NORMAL,p:ubcv:r:236c8a37-eef66e05,Elec Submeters LEED-6NBLW1,6NBLW1_EnergyPosSumNR,2018-10-30,2021-01-19,Elec_Submeters_LEED-6NBLW1_6NBLW1_EnergyPosSumNR,kWh,TRUE,Submeters
Elec Submeters LEED-CH-1 Utilities CH-1_EnergyPosSum CH-1_EnergyPosSum,Pharmacy,01_SPACE_COOLING,p:ubcv:r:236c8a38-93987e1e,Elec Submeters LEED-CH-1,CH-1_EnergyPosSum,2018-10-30,2021-01-19,Elec_Submeters_LEED-CH-1_CH-1_EnergyPosSum,kWh,TRUE,Submeters
Elec Submeters LEED-CH-1 Utilities CH-1_EnergyPosSumNR CH-1_EnergyPosSumNR,Pharmacy,01_SPACE_COOLING,p:ubcv:r:236c8a38-6ed73467,Elec Submeters LEED-CH-1,CH-1_EnergyPosSumNR,2018-10-30,2021-01-19,Elec_Submeters_LEED-CH-1_CH-1_EnergyPosSumNR,kWh,TRUE,Submeters
Elec Submeters LEED-CH-2 Utilities CH-2_EnergyPosSum CH-2_EnergyPosSum,Pharmacy,01_SPACE_COOLING,p:ubcv:r:236c8a38-7e8027b5,Elec Submeters LEED-CH-2,CH-2_EnergyPosSum,2018-10-30,2021-01-19,Elec_Submeters_LEED-CH-2_CH-2_EnergyPosSum,kWh,TRUE,Submeters
Elec Submeters LEED-CH-2 Utilities CH-2_EnergyPosSumNR CH-2_EnergyPosSumNR,Pharmacy,01_SPACE_COOLING,p:ubcv:r:236c8a38-d9766a45,Elec Submeters LEED-CH-2,CH-2_EnergyPosSumNR,2018-10-30,2021-01-19,Elec_Submeters_LEED-CH-2_CH-2_EnergyPosSumNR,kWh,TRUE,Submeters
Elec Submeters LEED-CH-3 Utilities CH-3_EnergyPosSum CH-3_EnergyPosSum,Pharmacy,01_SPACE_COOLING,p:ubcv:r:236c8a38-85580685,Elec Submeters LEED-CH-3,CH-3_EnergyPosSum,2018-10-30,2021-01-19,Elec_Submeters_LEED-CH-3_CH-3_EnergyPosSum,kWh,TRUE,Submeters
Elec Submeters LEED-CH-3 Utilities CH-3_EnergyPosSumNR CH-3_EnergyPosSumNR,Pharmacy,01_SPACE_COOLING,p:ubcv:r:236c8a38-f68a868f,Elec Submeters LEED-CH-3,CH-3_EnergyPosSumNR,2018-10-30,2021-01-19,Elec_Submeters_LEED-CH-3_CH-3_EnergyPosSumNR,kWh,TRUE,Submeters
Elec Submeters LEED-CH-4 Utilities CH-4_EnergyPosSum CH-4_EnergyPosSum,Pharmacy,01_SPACE_COOLING,p:ubcv:r:236c8a1d-2ddd6359,Elec Submeters LEED-CH-4,CH-4_EnergyPosSum,2018-10-30,2021-01-19,Elec_Submeters_LEED-CH-4_CH-4_EnergyPosSum,kWh,TRUE,Submeters
Elec Submeters LEED-CH-4 Utilities CH-4_EnergyPosSumNR CH-4_EnergyPosSumNR,Pharmacy,01_SPACE_COOLING,p:ubcv:r:236c8a1d-9b6e185e,Elec Submeters LEED-CH-4,CH-4_EnergyPosSumNR,2018-10-30,2021-01-19,Elec_Submeters_LEED-CH-4_CH-4_EnergyPosSumNR,kWh,TRUE,Submeters
Gas Submeters BLR-1Gas Meter Utilities BLR1_GFLW_DAY BLR1_GFLW_DAY,Pharmacy,00_HEATING_SPACE_AND_WATER,p:ubcv:r:236c8acc-a89ef605,Gas Submeters BLR-1Gas Meter,BLR1_GFLW_DAY,2019-01-24,2021-01-19,Gas_Submeters_BLR-1Gas_Meter_BLR1_GFLW_DAY,m³,TRUE,Gas
Gas Submeters BLR-2 Gas Meter Utilities BLR2_GFLW_DAY BLR2_GFLW_DAY,Pharmacy,00_HEATING_SPACE_AND_WATER,p:ubcv:r:236c8acc-2db0e854,Gas Submeters BLR-2 Gas Meter,BLR2_GFLW_DAY,2019-01-24,2021-01-19,Gas_Submeters_BLR-2_Gas_Meter_BLR2_GFLW_DAY,m³,TRUE,Gas
HW Submeters FM-1 Utilities Energy FM1_BTU_EF1_2_ENERGY(kWh),Pharmacy,00_HEATING_SPACE_AND_WATER,p:ubcv:r:236c8a6b-a9eaeccb,HW Submeters FM-1,Energy,2018-10-26,2021-01-19,HW_Submeters_FM-1_Energy,kWh,TRUE,Hot Water
HW Submeters FM-10 Utilities Energy FM10_BTU_P4ABC_ENERGY(kWh),Pharmacy,00_HEATING_SPACE_AND_WATER,p:ubcv:r:236c8feb-13283283,HW Submeters FM-10,Energy,2018-10-26,2021-01-19,HW_Submeters_FM-10_Energy,kWh,TRUE,Hot Water
HW Submeters FM-12 Utilities Energy FM12_BTU_HX7_ENERGY(kWh),Pharmacy,00_HEATING_SPACE_AND_WATER,p:ubcv:r:236c8acd-bdcb295b,HW Submeters FM-12,Energy,2018-10-26,2021-01-19,HW_Submeters_FM-12_Energy,kWh,TRUE,Hot Water
HW Submeters FM-2 Utilities Energy FM2_BTU_EF3_ENERGY(kWh),Pharmacy,00_HEATING_SPACE_AND_WATER,p:ubcv:r:236c8ab6-6fba8b12,HW Submeters FM-2,Energy,2018-10-26,2021-01-19,HW_Submeters_FM-2_Energy,kWh,TRUE,Hot Water
HW Submeters FM-3 Utilities Energy MV_PHARM_FM3_BTU_EF4_ENERGY(kWh)_TL,Pharmacy,00_HEATING_SPACE_AND_WATER,p:ubcv:r:236c8ae6-4f825145,HW Submeters FM-3,Energy,2018-10-26,2021-01-19,HW_Submeters_FM-3_Energy,kWh,TRUE,Hot Water
HW Submeters FM-4 Utilities Energy FM4_BTU_CT_ENERGY(kWh)_TL,Pharmacy,00_HEATING_SPACE_AND_WATER,p:ubcv:r:236c9051-8eb9df22,HW Submeters FM-4,Energy,2018-10-26,2021-01-19,HW_Submeters_FM-4_Energy,kWh,TRUE,Hot Water
HW Submeters FM-6 Utilities Energy FM6_BTU_P9_CRAH1~3_ENERGY(kWh)_TL,Pharmacy,00_HEATING_SPACE_AND_WATER,p:ubcv:r:236c9051-bc5fcd76,HW Submeters FM-6,Energy,2018-10-26,2021-01-19,HW_Submeters_FM-6_Energy,kWh,TRUE,Hot Water
HW Submeters FM-7 Utilities Energy FM7_BTU_P7_DATA_CTR_ENERGY(kWh)_TL,Pharmacy,00_HEATING_SPACE_AND_WATER,p:ubcv:r:236c9051-22b1b5ea,HW Submeters FM-7,Energy,2018-10-26,2021-01-19,HW_Submeters_FM-7_Energy,kWh,TRUE,Hot Water
HW Submeters FM-8 Utilities Energy FM8_BTU_P5AB_ENERGY(kWh)_TL,Pharmacy,00_HEATING_SPACE_AND_WATER,p:ubcv:r:236c9051-6d04fa9a,HW Submeters FM-8,Energy,2018-10-26,2021-01-19,HW_Submeters_FM-8_Energy,kWh,TRUE,Hot Water
HW Submeters FM-9 Utilities Energy FM9_BTU_CRAH4~6_ENERGY(kWh)_TL,Pharmacy,00_HEATING_SPACE_AND_WATER,p:ubcv:r:236c9051-7733f4d4,HW Submeters FM-9,Energy,2018-10-26,2021-01-19,HW_Submeters_FM-9_Energy,kWh,TRUE,Hot Water
Heating Plant BLR-1 Hydronic Systems BLR1_GFLW_FLOW BLR1_GFLW_FLOW,Pharmacy,00_HEATING_SPACE_AND_WATER,p:ubcv:r:236c8acc-b85ca84e,Heating Plant BLR-1,BLR1_GFLW_FLOW,2018-10-26,2021-01-19,Heating_Plant_BLR-1_BLR1_GFLW_FLOW,m³,TRUE,Heating Plant
Heating Plant BLR-2 Hydronic Systems BLR2_GFLW_FLOW BLR2_GFLW_FLOW,Pharmacy,00_HEATING_SPACE_AND_WATER,p:ubcv:r:236c8acc-0b5aa91d,Heating Plant BLR-2,BLR2_GFLW_FLOW,2018-10-26,2021-01-19,Heating_Plant_BLR-2_BLR2_GFLW_FLOW,m³,TRUE,Heating Plant
Heating Plant BLR-3 Hydronic Systems BLR3_GFLW_FLOW BLR3_GFLW_FLOW,Pharmacy,00_HEATING_SPACE_AND_WATER,p:ubcv:r:236c8acc-80656ce8,Heating Plant BLR-3,BLR3_GFLW_FLOW,2018-10-26,2021-01-19,Heating_Plant_BLR-3_BLR3_GFLW_FLOW,m³,TRUE,Heating Plant
Heating Plant BLR-4 Hydronic Systems BLR4_GFLW_FLOW BLR4_GFLW_FLOW,Pharmacy,00_HEATING_SPACE_AND_WATER,p:ubcv:r:236c8acc-e33acaf6,Heating Plant BLR-4,BLR4_GFLW_FLOW,2018-10-26,2021-01-19,Heating_Plant_BLR-4_BLR4_GFLW_FLOW,m³,TRUE,Heating Plant
Heating Plant HX-1 P-HX1A Hydronic Systems Energy HX1_PHX1A_VFD_PWR(kWh),Pharmacy,00_HEATING_SPACE_AND_WATER,p:ubcv:r:236c8acc-a75f2e0f,Heating Plant HX-1 P-HX1A,Energy,2018-10-26,2021-01-19,Heating_Plant_HX-1_P-HX1A_Energy,kWh,TRUE,Heating Plant
Heating Plant HX-1 P-HX1B Hydronic Systems Energy HX1_PHX1B_VFD_PWR(kWh),Pharmacy,00_HEATING_SPACE_AND_WATER,p:ubcv:r:236c8acc-c35037d4,Heating Plant HX-1 P-HX1B,Energy,2018-10-26,2021-01-19,Heating_Plant_HX-1_P-HX1B_Energy,kWh,TRUE,Heating Plant
Heating Plant HX-2 P-HX2A Hydronic Systems Energy HX2_PHX2A_VFD_PWR(kWh),Pharmacy,00_HEATING_SPACE_AND_WATER,p:ubcv:r:236c8a88-c9742760,Heating Plant HX-2 P-HX2A,Energy,2018-10-26,2021-01-19,Heating_Plant_HX-2_P-HX2A_Energy,kWh,TRUE,Heating Plant
Heating Plant HX-2 P-HX2B Hydronic Systems Energy HX2_PHX2B_VFD_PWR(kWh),Pharmacy,00_HEATING_SPACE_AND_WATER,p:ubcv:r:236c8a88-6bd60e42,Heating Plant HX-2 P-HX2B,Energy,2018-10-26,2021-01-19,Heating_Plant_HX-2_P-HX2B_Energy,kWh,TRUE,Heating Plant
Heating Plant HX-3 P-HX3A Hydronic Systems Energy HX3_PHX3A_VFD_PWR(kWh),Pharmacy,00_HEATING_SPACE_AND_WATER,p:ubcv:r:236c8feb-6a297ac1,Heating Plant HX-3 P-HX3A,Energy,2018-10-26,2021-01-19,Heating_Plant_HX-3_P-HX3A_Energy,kWh,TRUE,Heating Plant
Heating Plant HX-3 P-HX3B Hydronic Systems Energy HX3_PHX3B_VFD_PWR(kWh),Pharmacy,00_HEATING_SPACE_AND_WATER,p:ubcv:r:236c8feb-c8b56064,Heating Plant HX-3 P-HX3B,Energy,2018-10-26,2021-01-19,Heating_Plant_HX-3_P-HX3B_Energy,kWh,TRUE,Heating Plant
Heating Plant P-4A Hydronic Systems Energy HTREJ_P4A_VFD_PWR(kWh),Pharmacy,00_HEATING_SPACE_AND_WATER,p:ubcv:r:236c8feb-52038f6d,Heating Plant P-4A,Energy,2018-10-26,2021-01-19,Heating_Plant_P-4A_Energy,kWh,TRUE,Heating Plant
Heating Plant P-4B Hydronic Systems Energy HTREJ_P4B_VFD_PWR(kWh),Pharmacy,00_HEATING_SPACE_AND_WATER,p:ubcv:r:236c8feb-79866039,Heating Plant P-4B,Energy,2018-10-26,2021-01-19,Heating_Plant_P-4B_Energy,kWh,TRUE,Heating Plant
Heating Plant P-4C Hydronic Systems Energy HTREJ_P4C_VFD_PWR(kWh),Pharmacy,00_HEATING_SPACE_AND_WATER,p:ubcv:r:236c8feb-af5211fa,Heating Plant P-4C,Energy,2018-10-26,2021-01-19,Heating_Plant_P-4C_Energy,kWh,TRUE,Heating Plant
Heating Plant P-8A Hydronic Systems Energy HTREJ_P8A_VFD_PWR(kWh),Pharmacy,00_HEATING_SPACE_AND_WATER,p:ubcv:r:236c8feb-2c9060b8,Heating Plant P-8A,Energy,2018-10-26,2021-01-19,Heating_Plant_P-8A_Energy,kWh,TRUE,Heating Plant
Heating Plant P-8B Hydronic Systems Energy HTREJ_P8B_VFD_PWR(kWh),Pharmacy,00_HEATING_SPACE_AND_WATER,p:ubcv:r:236c8feb-84407ff5,Heating Plant P-8B,Energy,2018-10-26,2021-01-19,Heating_Plant_P-8B_Energy,kWh,TRUE,Heating Plant
Rm 4202 EF-26 Floor 4 Energy EF_26_VFD_PWR(kWh),Pharmacy,02_HEATING_COOLING_COMBINED,p:ubcv:r:236c8ab6-bf295b38,Rm 4202 EF-26,Energy,2018-10-26,2021-01-19,Rm_4202_EF-26_Energy,kWh,TRUE,Room
Rm 4202A EF-25 Floor 4 Energy EF_25_VFD_PWR(kWh),Pharmacy,02_HEATING_COOLING_COMBINED,p:ubcv:r:236c8ab6-9434e5c5,Rm 4202A EF-25,Energy,2018-10-26,2021-01-19,Rm_4202A_EF-25_Energy,kWh,TRUE,Room
Rm 4312A EF-32 Floor 4 Energy EF_32_VFD_PWR(kWh),Pharmacy,02_HEATING_COOLING_COMBINED,p:ubcv:r:236c8a57-3e870c75,Rm 4312A EF-32,Energy,2018-10-26,2021-01-19,Rm_4312A_EF-32_Energy,kWh,TRUE,Room
Rm 4312B EF-28 Floor 4 Energy EF_28_VFD_PWR(kWh),Pharmacy,02_HEATING_COOLING_COMBINED,p:ubcv:r:236c8a6b-abc3ca98,Rm 4312B EF-28,Energy,2018-10-26,2021-01-19,Rm_4312B_EF-28_Energy,kWh,TRUE,Room
Rm 5206B EF-23 Floor 5 Energy EF_23_VFD_PWR(kWh),Pharmacy,02_HEATING_COOLING_COMBINED,p:ubcv:r:236c8ab6-920564d8,Rm 5206B EF-23,Energy,2018-10-26,2021-01-19,Rm_5206B_EF-23_Energy,kWh,TRUE,Room
Rm 5206C EF-24 Floor 4 Energy EF_24_VFD_PWR(kWh),Pharmacy,02_HEATING_COOLING_COMBINED,p:ubcv:r:236c8ab6-2e7c6f02,Rm 5206C EF-24,Energy,2018-10-26,2021-01-19,Rm_5206C_EF-24_Energy,kWh,TRUE,Room
Rm 6102 EF-07 Floor 6 Energy EF_07_VFD_PWR(kWh)_TL,Pharmacy,02_HEATING_COOLING_COMBINED,p:ubcv:r:236c8ae6-3308b907,Rm 6102 EF-07,Energy,2018-10-26,2021-01-19,Rm_6102_EF-07_Energy,kWh,TRUE,Room
Rm 6102 EF-08 Floor 6 Energy EF_08_VFD_PWR(kWh)_TL,Pharmacy,02_HEATING_COOLING_COMBINED,p:ubcv:r:236c8ae6-6b36f34c,Rm 6102 EF-08,Energy,2018-10-26,2021-01-19,Rm_6102_EF-08_Energy,kWh,TRUE,Room
Rm 6203G EF-13 Floor 6 Energy EF_13_VFD_PWR(kWh),Pharmacy,02_HEATING_COOLING_COMBINED,p:ubcv:r:236c8ab6-c5f55c4e,Rm 6203G EF-13,Energy,2018-10-26,2021-01-19,Rm_6203G_EF-13_Energy,kWh,TRUE,Room
Rm 6206B EF-11 Floor 6 Energy EF_11_VFD_PWR(kWh),Pharmacy,02_HEATING_COOLING_COMBINED,p:ubcv:r:236c8ab6-a33b45a7,Rm 6206B EF-11,Energy,2018-10-26,2021-01-19,Rm_6206B_EF-11_Energy,kWh,TRUE,Room
Rm 6206D EF-12 Floor 6 Energy EF_12_VFD_PWR(kWh),Pharmacy,02_HEATING_COOLING_COMBINED,p:ubcv:r:236c8ab6-5fe18f2f,Rm 6206D EF-12,Energy,2018-10-26,2021-01-19,Rm_6206D_EF-12_Energy,kWh,TRUE,Room
Rm B409B EF-33 Floor 0 Energy EF_33_VFD_PWR(kWh),Pharmacy,02_HEATING_COOLING_COMBINED,p:ubcv:r:236c8a57-c59ace31,Rm B409B EF-33,Energy,2018-10-26,2021-01-19,Rm_B409B_EF-33_Energy,kWh,TRUE,Room
Rm B503 EF-34 Floor 0 Energy EF_34_VFD_PWR(kWh),Pharmacy,02_HEATING_COOLING_COMBINED,p:ubcv:r:236c8a57-5149b306,Rm B503 EF-34,Energy,2018-10-26,2021-01-19,Rm_B503_EF-34_Energy,kWh,TRUE,Room
Rm B605 EF-35 Floor 0 Energy EF_35_VFD_PWR(kWh),Pharmacy,02_HEATING_COOLING_COMBINED,p:ubcv:r:236c8a57-4622d083,Rm B605 EF-35,Energy,2018-10-26,2021-01-19,Rm_B605_EF-35_Energy,kWh,TRUE,Room
Elec Submeters DCA Utilities Energy OPC Energy OPC,Pharmacy,00_HEATING_SPACE_AND_WATER,p:ubcv:r:254e3b0d-cd62e576,Elec Submeters DCA,Energy OPC,2019-11-25,2020-05-04,Elec_Submeters_DCA_Energy_OPC,kWh,FALSE,Submeters
Elec Submeters DCB Utilities Energy OPC Copy Energy OPC Copy,Pharmacy,00_HEATING_SPACE_AND_WATER,p:ubcv:r:254e3b07-6afce772,Elec Submeters DCB,Energy OPC Copy,2019-11-25,2020-05-04,Elec_Submeters_DCB_Energy_OPC_Copy,kWh,FALSE,Submeters
Elec Submeters LEED-ATS-DCA Utilities ATS-DCA_EnergyPosSum ATS-DCA_EnergyPosSum,Pharmacy,01_SPACE_COOLING,p:ubcv:r:236c8a38-c2cc098c,Elec Submeters LEED-ATS-DCA,ATS-DCA_EnergyPosSum,2018-10-30,2021-01-19,Elec_Submeters_LEED-ATS-DCA_ATS-DCA_EnergyPosSum,kWh,TRUE,Submeters
Elec Submeters LEED-ATS-DCA Utilities ATS-DCA_EnergyPosSumNR ATS-DCA_EnergyPosSumNR,Pharmacy,01_SPACE_COOLING,p:ubcv:r:236c8a38-bfce632a,Elec Submeters LEED-ATS-DCA,ATS-DCA_EnergyPosSumNR,2018-10-30,2021-01-19,Elec_Submeters_LEED-ATS-DCA_ATS-DCA_EnergyPosSumNR,kWh,TRUE,Submeters
Elec Submeters LEED-ATS-DCB Utilities ATS-DCB_EnergyPosSum ATS-DCB_EnergyPosSum,Pharmacy,01_SPACE_COOLING,p:ubcv:r:236c8a38-7b6a5b67,Elec Submeters LEED-ATS-DCB,ATS-DCB_EnergyPosSum,2018-10-30,2021-01-19,Elec_Submeters_LEED-ATS-DCB_ATS-DCB_EnergyPosSum,kWh,TRUE,Submeters
Elec Submeters LEED-ATS-DCB Utilities ATS-DCB_EnergyPosSumNR ATS-DCB_EnergyPosSumNR,Pharmacy,01_SPACE_COOLING,p:ubcv:r:236c8a38-266b43a0,Elec Submeters LEED-ATS-DCB,ATS-DCB_EnergyPosSumNR,2018-10-30,2021-01-19,Elec_Submeters_LEED-ATS-DCB_ATS-DCB_EnergyPosSumNR,kWh,TRUE,Submeters
Elec Submeters LEED-G1 Utilities G1_EnergyPosSum G1_EnergyPosSum,Pharmacy,03_LIGHTING_NORMAL,p:ubcv:r:236c8a38-b259cf85,Elec Submeters LEED-G1,G1_EnergyPosSum,2018-10-30,2021-01-19,Elec_Submeters_LEED-G1_G1_EnergyPosSum,kWh,TRUE,Submeters
Elec Submeters LEED-G1 Utilities G1_EnergyPosSumNR G1_EnergyPosSumNR,Pharmacy,03_LIGHTING_NORMAL,p:ubcv:r:236c8a38-b84d0dad,Elec Submeters LEED-G1,G1_EnergyPosSumNR,2018-10-30,2021-01-19,Elec_Submeters_LEED-G1_G1_EnergyPosSumNR,kWh,TRUE,Submeters
Elec Submeters LEED-LV-DCA Utilities LV-DCA_EnergyPosSum LV-DCA_EnergyPosSum,Pharmacy,01_SPACE_COOLING,p:ubcv:r:236c8a38-fe550160,Elec Submeters LEED-LV-DCA,LV-DCA_EnergyPosSum,2018-10-30,2021-01-19,Elec_Submeters_LEED-LV-DCA_LV-DCA_EnergyPosSum,kWh,TRUE,Submeters
Elec Submeters LEED-LV-DCA Utilities LV-DCA_EnergyPosSumNR LV-DCA_EnergyPosSumNR,Pharmacy,01_SPACE_COOLING,p:ubcv:r:236c8a38-4fc8e852,Elec Submeters LEED-LV-DCA,LV-DCA_EnergyPosSumNR,2018-10-30,2021-01-19,Elec_Submeters_LEED-LV-DCA_LV-DCA_EnergyPosSumNR,kWh,TRUE,Submeters
Elec Submeters LEED-LV-DCB Utilities LV-DCB_EnergyPosSum LV-DCB_EnergyPosSum,Pharmacy,01_SPACE_COOLING,p:ubcv:r:236c8a38-c27e1dfe,Elec Submeters LEED-LV-DCB,LV-DCB_EnergyPosSum,2018-10-30,2021-01-19,Elec_Submeters_LEED-LV-DCB_LV-DCB_EnergyPosSum,kWh,TRUE,Submeters
Elec Submeters LEED-LV-DCB Utilities LV-DCB_EnergyPosSumNR LV-DCB_EnergyPosSumNR,Pharmacy,01_SPACE_COOLING,p:ubcv:r:236c8a38-a7dae6d3,Elec Submeters LEED-LV-DCB,LV-DCB_EnergyPosSumNR,2018-10-30,2021-01-19,Elec_Submeters_LEED-LV-DCB_LV-DCB_EnergyPosSumNR,kWh,TRUE,Submeters
Elec Submeters LEED-TBIRD_PARK_E1 Utilities TBIRD_PARK_E1_EnergyPosSum TBIRD_PARK_E1_EnergyPosSum,Pharmacy,04_LIGHTING_EMERGENCY,p:ubcv:r:236c8a38-b3200946,Elec Submeters LEED-TBIRD_PARK_E1,TBIRD_PARK_E1_EnergyPosSum,2018-10-30,2021-01-19,Elec_Submeters_LEED-TBIRD_PARK_E1_TBIRD_PARK_E1_EnergyPosSum,kWh,TRUE,Submeters
Elec Submeters LEED-TBIRD_PARK_E1 Utilities TBIRD_PARK_E1_EnergyPosSumNR TBIRD_PARK_E1_EnergyPosSumNR,Pharmacy,04_LIGHTING_EMERGENCY,p:ubcv:r:236c8a38-289b5fa2,Elec Submeters LEED-TBIRD_PARK_E1,TBIRD_PARK_E1_EnergyPosSumNR,2018-10-30,2021-01-19,Elec_Submeters_LEED-TBIRD_PARK_E1_TBIRD_PARK_E1_EnergyPosSumNR,kWh,TRUE,Submeters
Elec Submeters LEED-TBIRD_PARK_S2 Utilities TBIRD_PARK_S2_EnergyPosSum TBIRD_PARK_S2_EnergyPosSum,Pharmacy,03_LIGHTING_NORMAL,p:ubcv:r:236c8a1d-7457b001,Elec Submeters LEED-TBIRD_PARK_S2,TBIRD_PARK_S2_EnergyPosSum,2018-10-30,2021-01-19,Elec_Submeters_LEED-TBIRD_PARK_S2_TBIRD_PARK_S2_EnergyPosSum,kWh,TRUE,Submeters
Elec Submeters LEED-TBIRD_PARK_S2 Utilities TBIRD_PARK_S2_EnergyPosSumNR TBIRD_PARK_S2_EnergyPosSumNR,Pharmacy,03_LIGHTING_NORMAL,p:ubcv:r:236c8a1d-1919da54,Elec Submeters LEED-TBIRD_PARK_S2,TBIRD_PARK_S2_EnergyPosSumNR,2018-10-30,2021-01-19,Elec_Submeters_LEED-TBIRD_PARK_S2_TBIRD_PARK_S2_EnergyPosSumNR,kWh,TRUE,Submeters
Elec Submeters LEED-TX-E1C1 Utilities TX-E1C1_EnergyPosSum TX-E1C1_EnergyPosSum,Pharmacy,03_LIGHTING_NORMAL,p:ubcv:r:236c8a38-1c2878bc,Elec Submeters LEED-TX-E1C1,TX-E1C1_EnergyPosSum,2018-10-30,2021-01-19,Elec_Submeters_LEED-TX-E1C1_TX-E1C1_EnergyPosSum,kWh,TRUE,Submeters
Elec Submeters LEED-TX-E1C1 Utilities TX-E1C1_EnergyPosSumNR TX-E1C1_EnergyPosSumNR,Pharmacy,03_LIGHTING_NORMAL,p:ubcv:r:236c8a38-0c173411,Elec Submeters LEED-TX-E1C1,TX-E1C1_EnergyPosSumNR,2018-10-30,2021-01-19,Elec_Submeters_LEED-TX-E1C1_TX-E1C1_EnergyPosSumNR,kWh,TRUE,Submeters
Elec Submeters PA Utilities Energy OPC Energy OPC,Pharmacy,00_HEATING_SPACE_AND_WATER,p:ubcv:r:254e243c-567e8510,Elec Submeters PA,Energy OPC,2019-11-25,2020-05-04,Elec_Submeters_PA_Energy_OPC,kWh,FALSE,Submeters
Elec Submeters PB Utilities Energy OPC Energy OPC,Pharmacy,00_HEATING_SPACE_AND_WATER,p:ubcv:r:254e3b12-07de6185,Elec Submeters PB,Energy OPC,2019-11-25,2020-05-04,Elec_Submeters_PB_Energy_OPC,kWh,FALSE,Submeters
Cooling Plant CT-1A Hydronic Systems Energy CT1A_VFD_PWR(kWh),Pharmacy,03_LIGHTING_NORMAL,p:ubcv:r:236c8acc-a5059a78,CT-1A,Energy,2018-10-26,2021-01-19,CT-1A_Energy,kWh,TRUE,Cooling Tower
Cooling Plant CT-1B Hydronic Systems Energy CT1B_VFD_PWR(kWh),Pharmacy,03_LIGHTING_NORMAL,p:ubcv:r:236c8acd-1ca0571a,CT-1B,Energy,2018-10-26,2021-01-19,CT-1B_Energy,kWh,TRUE,Cooling Tower
Cooling Plant CT-1C Hydronic Systems Energy CT1C_VFD_PWR(kWh),Pharmacy,03_LIGHTING_NORMAL,p:ubcv:r:236c8acd-8eb059f5,CT-1C,Energy,2018-10-26,2021-01-19,CT-1C_Energy,kWh,TRUE,Cooling Tower
